-- MySQL dump 10.13  Distrib 8.0.32, for macos13 (arm64)
--
-- Host: localhost    Database: tgidn_test
-- ------------------------------------------------------
-- Server version	8.0.32

/*!40101 SET @OLD_CHARACTER_SET_CLIENT=@@CHARACTER_SET_CLIENT */;
/*!40101 SET @OLD_CHARACTER_SET_RESULTS=@@CHARACTER_SET_RESULTS */;
/*!40101 SET @OLD_COLLATION_CONNECTION=@@COLLATION_CONNECTION */;
/*!50503 SET NAMES utf8mb4 */;
/*!40014 SET @OLD_UNIQUE_CHECKS=@@UNIQUE_CHECKS, UNIQUE_CHECKS=0 */;
/*!40014 SET @OLD_FOREIGN_KEY_CHECKS=@@FOREIGN_KEY_CHECKS, FOREIGN_KEY_CHECKS=0 */;
/*!40101 SET @OLD_SQL_MODE=@@SQL_MODE, SQL_MODE='NO_AUTO_VALUE_ON_ZERO' */;
/*!40111 SET @OLD_SQL_NOTES=@@SQL_NOTES, SQL_NOTES=0 */;

--
-- Table structure for table `migrations`
--

DROP TABLE IF EXISTS `migrations`;
/*!40101 SET @saved_cs_client     = @@character_set_client */;
/*!50503 SET character_set_client = utf8mb4 */;
CREATE TABLE `migrations` (
  `id` int unsigned NOT NULL AUTO_INCREMENT,
  `migration` varchar(255) COLLATE utf8mb4_unicode_ci NOT NULL,
  `batch` int NOT NULL,
  PRIMARY KEY (`id`)
) ENGINE=InnoDB AUTO_INCREMENT=4 DEFAULT CHARSET=utf8mb4 COLLATE=utf8mb4_unicode_ci;
/*!40101 SET character_set_client = @saved_cs_client */;

--
-- Dumping data for table `migrations`
--

LOCK TABLES `migrations` WRITE;
/*!40000 ALTER TABLE `migrations` DISABLE KEYS */;
INSERT INTO `migrations` VALUES (1,'2019_12_14_000001_create_personal_access_tokens_table',1),(2,'2023_10_20_072125_create_types_table',1),(3,'2023_10_20_072516_create_vehicles_table',1);
/*!40000 ALTER TABLE `migrations` ENABLE KEYS */;
UNLOCK TABLES;

--
-- Table structure for table `personal_access_tokens`
--

DROP TABLE IF EXISTS `personal_access_tokens`;
/*!40101 SET @saved_cs_client     = @@character_set_client */;
/*!50503 SET character_set_client = utf8mb4 */;
CREATE TABLE `personal_access_tokens` (
  `id` bigint unsigned NOT NULL AUTO_INCREMENT,
  `tokenable_type` varchar(255) COLLATE utf8mb4_unicode_ci NOT NULL,
  `tokenable_id` bigint unsigned NOT NULL,
  `name` varchar(255) COLLATE utf8mb4_unicode_ci NOT NULL,
  `token` varchar(64) COLLATE utf8mb4_unicode_ci NOT NULL,
  `abilities` text COLLATE utf8mb4_unicode_ci,
  `last_used_at` timestamp NULL DEFAULT NULL,
  `expires_at` timestamp NULL DEFAULT NULL,
  `created_at` timestamp NULL DEFAULT NULL,
  `updated_at` timestamp NULL DEFAULT NULL,
  PRIMARY KEY (`id`),
  UNIQUE KEY `personal_access_tokens_token_unique` (`token`),
  KEY `personal_access_tokens_tokenable_type_tokenable_id_index` (`tokenable_type`,`tokenable_id`)
) ENGINE=InnoDB DEFAULT CHARSET=utf8mb4 COLLATE=utf8mb4_unicode_ci;
/*!40101 SET character_set_client = @saved_cs_client */;

--
-- Dumping data for table `personal_access_tokens`
--

LOCK TABLES `personal_access_tokens` WRITE;
/*!40000 ALTER TABLE `personal_access_tokens` DISABLE KEYS */;
/*!40000 ALTER TABLE `personal_access_tokens` ENABLE KEYS */;
UNLOCK TABLES;

--
-- Table structure for table `types`
--

DROP TABLE IF EXISTS `types`;
/*!40101 SET @saved_cs_client     = @@character_set_client */;
/*!50503 SET character_set_client = utf8mb4 */;
CREATE TABLE `types` (
  `id` bigint unsigned NOT NULL AUTO_INCREMENT,
  `name` varchar(255) COLLATE utf8mb4_unicode_ci NOT NULL,
  `created_at` timestamp NULL DEFAULT NULL,
  `updated_at` timestamp NULL DEFAULT NULL,
  PRIMARY KEY (`id`)
) ENGINE=InnoDB AUTO_INCREMENT=8 DEFAULT CHARSET=utf8mb4 COLLATE=utf8mb4_unicode_ci;
/*!40101 SET character_set_client = @saved_cs_client */;

--
-- Dumping data for table `types`
--

LOCK TABLES `types` WRITE;
/*!40000 ALTER TABLE `types` DISABLE KEYS */;
INSERT INTO `types` VALUES (1,'Sedan','2023-10-20 15:58:56','2023-10-20 15:58:56'),(2,'MPV','2023-10-20 15:58:56','2023-10-20 15:58:56'),(3,'Truck','2023-10-20 15:58:56','2023-10-20 15:58:56'),(4,'SUV','2023-10-20 15:58:56','2023-10-20 15:58:56'),(5,'Crossover','2023-10-20 15:58:56','2023-10-20 15:58:56'),(6,'Hatchback','2023-10-20 15:58:56','2023-10-20 15:58:56'),(7,'Pickup','2023-10-20 15:58:56','2023-10-20 15:58:56');
/*!40000 ALTER TABLE `types` ENABLE KEYS */;
UNLOCK TABLES;

--
-- Table structure for table `vehicles`
--

DROP TABLE IF EXISTS `vehicles`;
/*!40101 SET @saved_cs_client     = @@character_set_client */;
/*!50503 SET character_set_client = utf8mb4 */;
CREATE TABLE `vehicles` (
  `id` bigint unsigned NOT NULL AUTO_INCREMENT,
  `type_id` bigint unsigned NOT NULL,
  `name` varchar(255) COLLATE utf8mb4_unicode_ci NOT NULL,
  `reg_no` varchar(255) COLLATE utf8mb4_unicode_ci NOT NULL,
  `created_at` timestamp NULL DEFAULT NULL,
  `updated_at` timestamp NULL DEFAULT NULL,
  PRIMARY KEY (`id`),
  KEY `vehicles_type_id_foreign` (`type_id`),
  CONSTRAINT `vehicles_type_id_foreign` FOREIGN KEY (`type_id`) REFERENCES `types` (`id`) ON DELETE CASCADE
) ENGINE=InnoDB AUTO_INCREMENT=501 DEFAULT CHARSET=utf8mb4 COLLATE=utf8mb4_unicode_ci;
/*!40101 SET character_set_client = @saved_cs_client */;

--
-- Dumping data for table `vehicles`
--

LOCK TABLES `vehicles` WRITE;
/*!40000 ALTER TABLE `vehicles` DISABLE KEYS */;
INSERT INTO `vehicles` VALUES (1,3,'Bugatti EB 112','B3954VZE','2022-11-17 20:53:42','2022-11-17 20:53:42'),(2,4,'Asia Rocsta','G8360IDS','2023-05-06 15:04:03','2023-05-06 15:04:03'),(3,5,'Dadi Groz','C2284KRI','2023-11-08 17:16:07','2023-11-08 17:16:07'),(4,7,'Aston Martin Zagato','P3722Q','2023-03-16 21:26:27','2023-03-16 21:26:27'),(5,6,'Miles ZX40','W6252LX','2023-06-13 17:06:54','2023-06-13 17:06:54'),(6,3,'Rover 25','O5349IH','2023-05-19 23:18:25','2023-05-19 23:18:25'),(7,1,'Konecranes Steyr 55','I6892S','2023-05-20 15:46:30','2023-05-20 15:46:30'),(8,1,'Sidetracker 418','E3458I','2022-12-04 04:00:19','2022-12-04 04:00:19'),(9,3,'Infiniti QX60','I8709MXH','2022-10-25 07:12:43','2022-10-25 07:12:43'),(10,7,'Smart Roadster','Q5271UL','2023-10-17 20:49:07','2023-10-17 20:49:07'),(11,2,'Barkas (Баркас) 1001','Z3564E','2023-08-30 09:17:18','2023-08-30 09:17:18'),(12,3,'Artega GT','Y7670DC','2022-11-16 01:42:36','2022-11-16 01:42:36'),(13,4,'Fisker Karma','H9298GX','2023-05-08 07:08:04','2023-05-08 07:08:04'),(14,5,'Pininfarina Cambiano','L7291YON','2023-09-29 05:11:55','2023-09-29 05:11:55'),(15,5,'Isuzu Faster','V1548UK','2023-12-05 19:01:52','2023-12-05 19:01:52'),(16,3,'Caterham 7','C2299MWM','2023-06-13 07:11:42','2023-06-13 07:11:42'),(17,1,'Acura RLX','P7518MC','2022-12-12 16:42:51','2022-12-12 16:42:51'),(18,7,'Fiat-Abarth 595','Z8201G','2023-10-01 19:31:31','2023-10-01 19:31:31'),(19,3,'Talbot 1510','F9610E','2023-04-12 19:18:34','2023-04-12 19:18:34'),(20,2,'Datsun 100','G9880O','2022-12-13 18:33:25','2022-12-13 18:33:25'),(21,3,'Bentley Continental','T1639WU','2023-06-14 11:35:29','2023-06-14 11:35:29'),(22,7,'Mitsubishi Virage','P5232QTN','2023-03-09 08:57:19','2023-03-09 08:57:19'),(23,2,'Nissan TIIDA','E3730RL','2023-06-13 18:06:09','2023-06-13 18:06:09'),(24,1,'Oldsmobile Cutlass','Z1382UH','2023-06-28 04:46:36','2023-06-28 04:46:36'),(25,3,'Aro 24','S3569UE','2023-01-25 19:47:29','2023-01-25 19:47:29'),(26,5,'Cadillac STS','C6241RKN','2022-10-21 01:02:58','2022-10-21 01:02:58'),(27,4,'Dodge Shadow','A8945BU','2023-06-05 08:21:45','2023-06-05 08:21:45'),(28,3,'Jeep Wrangler','G5190KOQ','2023-03-09 10:59:57','2023-03-09 10:59:57'),(29,6,'Peg-Perego Ranger','S7953KOO','2023-11-08 05:12:48','2023-11-08 05:12:48'),(30,1,'Proton Compact','R1408SE','2023-10-13 23:58:56','2023-10-13 23:58:56'),(31,7,'Datsun 100','E3428D','2023-12-02 01:50:38','2023-12-02 01:50:38'),(32,7,'Austin-Healey 3000','A5919CW','2023-03-14 22:33:26','2023-03-14 22:33:26'),(33,3,'Saipa Tiba','E4414OXP','2023-07-14 04:07:59','2023-07-14 04:07:59'),(34,3,'Yugo 45','T2689U','2022-11-07 16:31:15','2022-11-07 16:31:15'),(35,2,'Iveco Unic','M8690GKG','2023-07-11 21:56:25','2023-07-11 21:56:25'),(36,1,'FUQI FQ','H9209GDW','2023-02-15 05:59:58','2023-02-15 05:59:58'),(37,6,'Daewoo BV','K6860N','2023-08-15 23:16:41','2023-08-15 23:16:41'),(38,5,'Porsche 997','W5360O','2023-06-22 07:46:01','2023-06-22 07:46:01'),(39,2,'Maserati Indy','W5234TY','2023-12-18 14:19:31','2023-12-18 14:19:31'),(40,2,'Infiniti Q70','H6903EEY','2023-05-14 13:40:10','2023-05-14 13:40:10'),(41,3,'Norster 600R','O2304SJ','2023-11-25 03:03:33','2023-11-25 03:03:33'),(42,4,'Dacia 1325','B6734R','2023-02-18 05:00:09','2023-02-18 05:00:09'),(43,5,'Zotye Nomad','Y3624WA','2023-09-27 05:56:38','2023-09-27 05:56:38'),(44,4,'Kia Sedona','Y3230Y','2023-10-23 00:34:57','2023-10-23 00:34:57'),(45,7,'Tofas Dogan','Z6308JX','2023-10-26 06:15:32','2023-10-26 06:15:32'),(46,5,'Mitsubishi Mirage','U4492DMU','2023-01-29 08:20:37','2023-01-29 08:20:37'),(47,3,'Porsche 959','S8691UC','2023-01-03 11:28:16','2023-01-03 11:28:16'),(48,7,'Seat Arosa','V1534CH','2023-11-13 05:05:47','2023-11-13 05:05:47'),(49,7,'Buick LE Sabre','P4734D','2023-03-17 00:54:02','2023-03-17 00:54:02'),(50,4,'Barkas (Баркас) 1990','Y7188QX','2023-09-04 20:16:07','2023-09-04 20:16:07'),(51,1,'Gac Gonow','D7144PLI','2023-12-16 10:30:04','2023-12-16 10:30:04'),(52,4,'Bugatti EB 112','W8347FNM','2023-12-12 04:38:26','2023-12-12 04:38:26'),(53,1,'Rover 414','B8818S','2023-01-02 07:35:02','2023-01-02 07:35:02'),(54,3,'Shuanghuan SCEO','J6434AVP','2023-02-27 11:26:02','2023-02-27 11:26:02'),(55,1,'Lancia Beta','H3312CB','2023-12-05 12:55:36','2023-12-05 12:55:36'),(56,6,'Sceo C3','U3863LH','2023-04-08 21:38:36','2023-04-08 21:38:36'),(57,6,'Ultima GTR','L5552BEP','2023-03-30 03:21:49','2023-03-30 03:21:49'),(58,7,'Koenigsegg Agera','M8561PQ','2023-09-30 12:29:34','2023-09-30 12:29:34'),(59,6,'Porsche 959','T7404O','2022-12-27 17:19:48','2022-12-27 17:19:48'),(60,7,'Yugo ZLXE','E9143VU','2023-04-17 05:59:55','2023-04-17 05:59:55'),(61,1,'Rover 400','T9438CK','2023-08-16 16:50:14','2023-08-16 16:50:14'),(62,5,'ItalCar Attiva','Z9940SYB','2023-02-22 12:10:28','2023-02-22 12:10:28'),(63,7,'Autobianchi A 112','W1758YGO','2023-03-15 15:58:53','2023-03-15 15:58:53'),(64,6,'Praga Baby Tudor','M9439EYW','2023-04-19 02:54:26','2023-04-19 02:54:26'),(65,3,'Jaguar E-Type','V5509Y','2023-05-15 18:25:32','2023-05-15 18:25:32'),(66,6,'ItalCar Attiva','F5255V','2023-05-31 10:33:07','2023-05-31 10:33:07'),(67,3,'Konecranes Steyr 55','P5422KSE','2023-04-30 17:52:01','2023-04-30 17:52:01'),(68,2,'Zimmer Golden Spirit','B8757HPO','2023-02-24 13:48:34','2023-02-24 13:48:34'),(69,6,'Think Global City','E3305RFJ','2023-07-01 16:29:53','2023-07-01 16:29:53'),(70,2,'Volvo C70','V1204AIB','2023-04-12 05:50:07','2023-04-12 05:50:07'),(71,2,'Toyota Carina E','K6846B','2023-05-20 04:25:23','2023-05-20 04:25:23'),(72,3,'Mitsubishi Xpander','I4362IMY','2023-09-22 21:26:29','2023-09-22 21:26:29'),(73,3,'TATA Indigo','K3458F','2023-08-22 02:28:30','2023-08-22 02:28:30'),(74,6,'Gac Gonow','F9282BB','2023-01-24 12:02:06','2023-01-24 12:02:06'),(75,3,'Pininfarina Cambiano','L5614THQ','2023-09-16 11:35:32','2023-09-16 11:35:32'),(76,7,'Daihatsu Taft','D5548O','2023-08-17 00:32:17','2023-08-17 00:32:17'),(77,7,'Gac Gonow','J2375F','2023-01-13 12:46:00','2023-01-13 12:46:00'),(78,6,'Honda Saber','U4482HTV','2023-11-04 07:58:39','2023-11-04 07:58:39'),(79,7,'Alpine A610','E5257Y','2023-11-04 02:13:49','2023-11-04 02:13:49'),(80,2,'Aston Martin Cygnet','M6137MFN','2023-03-10 22:11:12','2023-03-10 22:11:12'),(81,3,'Eagle Vision','T6180RK','2023-11-17 08:04:30','2023-11-17 08:04:30'),(82,4,'Lincoln Mercury','G7481OO','2023-04-14 22:47:16','2023-04-14 22:47:16'),(83,5,'Scion xB','E7459KSN','2023-07-25 18:47:44','2023-07-25 18:47:44'),(84,7,'Kia Pregio пасс.','T4641C','2022-12-26 10:19:22','2022-12-26 10:19:22'),(85,7,'Aero 30','F7768SC','2023-02-01 21:45:54','2023-02-01 21:45:54'),(86,7,'Isuzu Hombre','M7864DT','2023-07-28 15:02:31','2023-07-28 15:02:31'),(87,4,'Proton Juara','A4120U','2023-01-12 13:04:12','2023-01-12 13:04:12'),(88,3,'Lexus LS 460','O2925L','2023-09-23 17:38:45','2023-09-23 17:38:45'),(89,4,'Fiat FSO Polonez','V4096KSI','2023-08-10 11:50:43','2023-08-10 11:50:43'),(90,5,'FUQI FQ','N2948GKH','2023-09-27 19:01:11','2023-09-27 19:01:11'),(91,4,'Alfa Romeo Giulia','J2121ZK','2023-07-31 13:18:32','2023-07-31 13:18:32'),(92,5,'Oldsmobile Super 88','R8003Y','2023-09-04 23:09:28','2023-09-04 23:09:28'),(93,6,'SsangYong Rexton','C9044USA','2023-11-01 11:33:39','2023-11-01 11:33:39'),(94,7,'Ravon R2','C6401NNE','2022-12-13 01:05:22','2022-12-13 01:05:22'),(95,6,'Buick Envision','M5502V','2023-04-19 03:49:45','2023-04-19 03:49:45'),(96,3,'Gonow Troy Suv','D6820YQF','2023-09-09 19:38:46','2023-09-09 19:38:46'),(97,6,'SouEast Delica','L5632WM','2023-10-13 14:12:43','2023-10-13 14:12:43'),(98,6,'Ultima GTR','O4625GE','2023-06-11 02:30:38','2023-06-11 02:30:38'),(99,3,'Ford Transit груз.','Y8675QDC','2023-10-23 13:50:47','2023-10-23 13:50:47'),(100,4,'Mahindra Bolero','X5034V','2023-06-17 12:55:53','2023-06-17 12:55:53'),(101,5,'Innocenti Elba','N8034F','2023-10-18 08:58:25','2023-10-18 08:58:25'),(102,1,'Sidetracker 418','L8310HU','2023-10-20 02:50:06','2023-10-20 02:50:06'),(103,3,'Morgan Four Four','S5528I','2023-10-13 07:02:41','2023-10-13 07:02:41'),(104,6,'Talbot 1510','S3582B','2023-10-11 06:17:37','2023-10-11 06:17:37'),(105,7,'Luxgen 5','R3319Q','2023-09-27 12:32:28','2023-09-27 12:32:28'),(106,4,'Mahindra KUV100','F4378W','2023-09-28 11:30:40','2023-09-28 11:30:40'),(107,5,'ItalCar Attiva','L8655FI','2023-10-09 10:53:17','2023-10-09 10:53:17'),(108,1,'Zotye Z300','A2470VNW','2023-10-02 06:46:46','2023-10-02 06:46:46'),(109,5,'Mercedes-Benz SL 70 AMG','G7437N','2023-10-07 12:50:00','2023-10-07 12:50:00'),(110,4,'Isuzu MD','M3808YB','2023-10-06 22:44:23','2023-10-06 22:44:23'),(111,2,'Pininfarina Cambiano','Z3674DIS','2023-09-28 17:32:06','2023-09-28 17:32:06'),(112,5,'Altamarea 2E','H3440NX','2023-09-27 17:47:30','2023-09-27 17:47:30'),(113,5,'Isuzu Midi груз.','E4805I','2023-09-26 21:18:51','2023-09-26 21:18:51'),(114,4,'Konecranes Steyr 55','B3430PW','2023-10-15 23:26:37','2023-10-15 23:26:37'),(115,7,'Subaru Libero','P7839X','2023-09-22 22:55:18','2023-09-22 22:55:18'),(116,7,'Citroen Acadiane','V4871V','2023-09-28 19:39:44','2023-09-28 19:39:44'),(117,4,'Studebaker Diktator','K7915EJ','2023-10-05 23:08:49','2023-10-05 23:08:49'),(118,3,'Volvo XC70','R7159DJG','2023-10-10 23:01:05','2023-10-10 23:01:05'),(119,5,'Miles ZX40','J6102X','2023-10-19 21:53:19','2023-10-19 21:53:19'),(120,4,'Samson F','L8228HRZ','2023-10-05 02:50:18','2023-10-05 02:50:18'),(121,4,'Bertone Freeclimber','Q4905QV','2023-10-15 09:43:03','2023-10-15 09:43:03'),(122,5,'Jaguar XJ6','Z7400ZYZ','2023-09-27 06:05:10','2023-09-27 06:05:10'),(123,5,'Ferrari 575M','X7197HNE','2023-10-07 16:49:52','2023-10-07 16:49:52'),(124,7,'Bertone Freeclimber','V7535GCQ','2023-10-09 23:28:43','2023-10-09 23:28:43'),(125,5,'Cadillac XTS','A4016ZN','2023-10-14 13:58:23','2023-10-14 13:58:23'),(126,3,'MINI Roadster','Z1430SI','2023-10-04 11:32:34','2023-10-04 11:32:34'),(127,5,'Bristol Brigand','R4608Z','2023-10-04 16:13:51','2023-10-04 16:13:51'),(128,1,'Skoda 440','M5299TUQ','2023-09-28 02:28:49','2023-09-28 02:28:49'),(129,2,'Fiat Fullback','C4995QC','2023-10-05 11:22:29','2023-10-05 11:22:29'),(130,2,'FUQI FQ','C2416SH','2023-10-18 17:25:20','2023-10-18 17:25:20'),(131,6,'MG ZR','M1593A','2023-09-29 11:21:22','2023-09-29 11:21:22'),(132,4,'Lotus Exige','K2183Y','2023-10-07 19:37:50','2023-10-07 19:37:50'),(133,2,'Xiaolong XLW','B6321YYB','2023-10-03 07:17:05','2023-10-03 07:17:05'),(134,5,'Renault 4','Y9598A','2023-10-03 16:00:12','2023-10-03 16:00:12'),(135,1,'Caterham 21','M5430PUS','2023-09-26 16:23:36','2023-09-26 16:23:36'),(136,7,'Ultima GTR','C6361YK','2023-10-14 22:45:28','2023-10-14 22:45:28'),(137,5,'Lexus GS 300','U8223U','2023-10-16 07:56:13','2023-10-16 07:56:13'),(138,4,'Zotye T600','P6304M','2023-10-09 23:46:31','2023-10-09 23:46:31'),(139,6,'Renault 5','L5672O','2023-10-12 11:02:53','2023-10-12 11:02:53'),(140,4,'Saipa Tiba','I7536UGY','2023-10-20 07:41:08','2023-10-20 07:41:08'),(141,3,'Opel Rekord','O8841T','2023-09-22 18:20:07','2023-09-22 18:20:07'),(142,4,'Hafei Minyi','R9985UVW','2023-09-24 23:42:11','2023-09-24 23:42:11'),(143,7,'Renault Samsung Motors SM7','C1953RW','2023-10-05 19:59:18','2023-10-05 19:59:18'),(144,4,'Pontiac Sunbird','B8574PNO','2023-10-13 05:25:41','2023-10-13 05:25:41'),(145,4,'Pininfarina Cambiano','D4927RE','2023-10-09 12:53:44','2023-10-09 12:53:44'),(146,1,'Pagani Zonda','K6620C','2023-10-08 12:43:58','2023-10-08 12:43:58'),(147,5,'Isuzu Midi груз.','W2946N','2023-10-15 03:18:18','2023-10-15 03:18:18'),(148,1,'Fiat Abarth','A8140H','2023-10-17 16:23:21','2023-10-17 16:23:21'),(149,6,'Vepr Commander','W5204F','2023-10-12 01:52:52','2023-10-12 01:52:52'),(150,7,'Norster 600R','J4552LDU','2023-09-25 09:23:00','2023-09-25 09:23:00'),(151,5,'Morris Minor','L8491Z','2023-10-01 20:49:52','2023-10-01 20:49:52'),(152,3,'Soyat Unique Van','Z4608FZ','2023-09-29 12:04:50','2023-09-29 12:04:50'),(153,5,'Tarpan Honker 237','Z4752J','2023-10-13 02:42:52','2023-10-13 02:42:52'),(154,3,'Volvo 140','I2419KIZ','2023-10-03 06:08:16','2023-10-03 06:08:16'),(155,7,'Shuanghuan SCEO','W6878EN','2023-10-19 21:14:26','2023-10-19 21:14:26'),(156,7,'Scion tC','W4046CL','2023-10-19 04:23:33','2023-10-19 04:23:33'),(157,7,'Zimmer Golden Spirit','U7559COA','2023-09-21 18:25:00','2023-09-21 18:25:00'),(158,2,'Daewoo Brougham','Y4554I','2023-09-24 15:10:28','2023-09-24 15:10:28'),(159,6,'Buick Riviera','A1826NL','2023-09-27 08:44:43','2023-09-27 08:44:43'),(160,4,'Plymouth Prowler','M7063HC','2023-10-07 11:12:44','2023-10-07 11:12:44'),(161,2,'Mercury Cougar','M8925LLW','2023-10-15 09:27:05','2023-10-15 09:27:05'),(162,2,'Fisker Karma','Y2729YJ','2023-10-08 21:26:03','2023-10-08 21:26:03'),(163,4,'Yugo ZLC','E9284UO','2023-10-09 13:46:00','2023-10-09 13:46:00'),(164,1,'Triumph Thruxton','J5866C','2023-09-29 14:34:43','2023-09-29 14:34:43'),(165,4,'SouEast Lioncel','X9747KZ','2023-10-10 05:56:13','2023-10-10 05:56:13'),(166,7,'Pininfarina Cambiano','Z6565HT','2023-10-12 13:33:21','2023-10-12 13:33:21'),(167,4,'Seat Leon','Z9117U','2023-09-26 10:37:37','2023-09-26 10:37:37'),(168,7,'Opel Commodore','F1671ZP','2023-09-26 08:30:12','2023-09-26 08:30:12'),(169,5,'Hummer H3','C9218P','2023-10-16 23:41:49','2023-10-16 23:41:49'),(170,4,'Aro 246','R9212LSY','2023-10-03 07:36:19','2023-10-03 07:36:19'),(171,7,'Saab 90','X9562R','2023-09-25 20:55:07','2023-09-25 20:55:07'),(172,5,'JMC YunBa','V1742SF','2023-09-26 07:37:15','2023-09-26 07:37:15'),(173,2,'Samson F','L5674VUL','2023-10-04 13:20:15','2023-10-04 13:20:15'),(174,4,'Aixam 500','X7774NGR','2023-10-10 20:13:39','2023-10-10 20:13:39'),(175,2,'Land Rover Range Rover Velar','K3567JYT','2023-10-03 08:28:08','2023-10-03 08:28:08'),(176,6,'Chrysler Concorde','G5803HJK','2023-10-02 01:45:25','2023-10-02 01:45:25'),(177,6,'Humvee Marshal','X2165YTB','2023-09-27 00:20:15','2023-09-27 00:20:15'),(178,3,'Zotye T600','Z3853B','2023-10-12 21:28:18','2023-10-12 21:28:18'),(179,2,'Pinzgauer 710','M1304EM','2023-10-13 14:50:02','2023-10-13 14:50:02'),(180,4,'TVR 3000','I4764DLH','2023-10-10 03:51:10','2023-10-10 03:51:10'),(181,5,'Datsun on-DO','T2924BPM','2023-09-29 04:20:24','2023-09-29 04:20:24'),(182,3,'Autobianchi A 112','H4996IZX','2023-10-09 20:05:38','2023-10-09 20:05:38'),(183,6,'Pontiac GTO','H7430HXI','2023-10-15 19:56:27','2023-10-15 19:56:27'),(184,7,'BMW 123','E4216JK','2023-09-22 03:31:17','2023-09-22 03:31:17'),(185,4,'Caterham 7','P3792XU','2023-09-21 00:36:45','2023-09-21 00:36:45'),(186,6,'Adler Trumpf','H6975T','2023-09-25 01:21:41','2023-09-25 01:21:41'),(187,1,'Jaguar XK','R5993R','2023-10-11 00:48:23','2023-10-11 00:48:23'),(188,2,'Iran Khodro Runna','V2232ZWM','2023-10-20 01:57:43','2023-10-20 01:57:43'),(189,5,'Innocenti Elba','I3959A','2023-10-06 15:01:51','2023-10-06 15:01:51'),(190,6,'Peugeot Pars','U1508R','2023-10-03 11:26:42','2023-10-03 11:26:42'),(191,7,'Norster 600R','Y5688XF','2023-09-21 04:50:31','2023-09-21 04:50:31'),(192,7,'Aro 10','K2454C','2023-10-09 14:16:27','2023-10-09 14:16:27'),(193,3,'Humvee Marshal','J8761AEB','2023-09-21 08:28:43','2023-09-21 08:28:43'),(194,5,'Pagani Zonda','R3313F','2023-09-30 20:57:19','2023-09-30 20:57:19'),(195,6,'Saipa Tiba','G7439M','2023-09-26 16:46:51','2023-09-26 16:46:51'),(196,2,'LDV Pilot','E8895N','2023-09-23 07:46:42','2023-09-23 07:46:42'),(197,7,'Think Global City','K5525NIR','2023-09-24 04:51:57','2023-09-24 04:51:57'),(198,4,'Zastava Yugo','H2691V','2023-10-17 10:26:34','2023-10-17 10:26:34'),(199,6,'Acura RLX','T2040QE','2023-09-25 13:22:55','2023-09-25 13:22:55'),(200,5,'Iveco Daily пасс.','B8103NWU','2023-09-25 09:25:08','2023-09-25 09:25:08'),(201,3,'Sidetracker 418','J7808JMK','2023-10-27 05:35:35','2023-10-27 05:35:35'),(202,3,'Iran Khodro Runna','I1239XL','2023-11-16 05:37:35','2023-11-16 05:37:35'),(203,4,'FSO Polonez','A5132UB','2023-10-27 01:54:02','2023-10-27 01:54:02'),(204,5,'Studebaker Starlight','A9408NCL','2023-11-16 13:39:54','2023-11-16 13:39:54'),(205,4,'DS 4','B8564Y','2023-11-15 00:54:51','2023-11-15 00:54:51'),(206,7,'Renault Samsung Motors QM5','Y7879G','2023-11-02 19:26:20','2023-11-02 19:26:20'),(207,6,'Plymouth Laser','O6203WXO','2023-11-18 16:05:09','2023-11-18 16:05:09'),(208,6,'Samand Runna','A7424K','2023-11-04 20:20:34','2023-11-04 20:20:34'),(209,5,'JMC BD','T1141KQ','2023-10-28 16:40:24','2023-10-28 16:40:24'),(210,5,'MPM Motors PS 160','U2163X','2023-11-02 13:09:33','2023-11-02 13:09:33'),(211,1,'Geo Tracker','X8315MYO','2023-11-09 20:08:44','2023-11-09 20:08:44'),(212,3,'Porsche 964','L2436X','2023-11-16 05:49:38','2023-11-16 05:49:38'),(213,2,'Gac Gonow','K3102L','2023-10-20 19:41:37','2023-10-20 19:41:37'),(214,4,'Norster 600R','U2687AKX','2023-10-21 12:13:53','2023-10-21 12:13:53'),(215,1,'Aro 24','Z6779ABF','2023-11-16 18:18:36','2023-11-16 18:18:36'),(216,6,'Peugeot 308','N1631F','2023-11-15 17:17:19','2023-11-15 17:17:19'),(217,5,'Saipa Tiba','O5320ZSD','2023-11-15 10:27:31','2023-11-15 10:27:31'),(218,2,'LDV Maxus','U6657FYK','2023-11-10 03:56:41','2023-11-10 03:56:41'),(219,5,'KingWoo XD-BB','M9147OT','2023-10-27 15:09:08','2023-10-27 15:09:08'),(220,5,'Eagle Summit','M1998QC','2023-11-03 01:14:48','2023-11-03 01:14:48'),(221,4,'Jeep Wrangler','C7811LSI','2023-11-01 06:49:41','2023-11-01 06:49:41'),(222,2,'Chevrolet Blazer','M1810QM','2023-11-12 15:25:33','2023-11-12 15:25:33'),(223,1,'FAW HQ3','T1261RLV','2023-11-10 17:28:59','2023-11-10 17:28:59'),(224,6,'Subaru Mini Jumbo','M8178CY','2023-11-10 20:18:14','2023-11-10 20:18:14'),(225,2,'Ultima GTR','K9302EP','2023-11-15 05:07:44','2023-11-15 05:07:44'),(226,3,'Venturi Atlantique','I8602M','2023-11-16 12:21:38','2023-11-16 12:21:38'),(227,4,'Peugeot 206 СС','M7968SQ','2023-10-24 15:36:39','2023-10-24 15:36:39'),(228,3,'Geo Storm','J8122ZJP','2023-11-10 04:19:18','2023-11-10 04:19:18'),(229,4,'Fornasari RR','Y9327SWA','2023-10-27 03:14:11','2023-10-27 03:14:11'),(230,7,'Volkswagen T1 (Transporter)','D5781ZZI','2023-11-18 00:37:05','2023-11-18 00:37:05'),(231,3,'Wuling Cortez','L5819EI','2023-10-20 20:00:56','2023-10-20 20:00:56'),(232,3,'Bristol Brigand','S5793S','2023-11-19 08:06:51','2023-11-19 08:06:51'),(233,3,'KingWoo KYGDG08A','Y6227SD','2023-10-21 17:20:12','2023-10-21 17:20:12'),(234,5,'Barkas (Баркас) B1000','J4843Q','2023-11-06 00:58:44','2023-11-06 00:58:44'),(235,2,'Rezvani Beast','Q5974GF','2023-11-03 06:52:31','2023-11-03 06:52:31'),(236,2,'GMC Vandura груз.','S7056OPI','2023-11-17 17:55:00','2023-11-17 17:55:00'),(237,7,'Samand Soren','G6512QFI','2023-10-26 18:48:06','2023-10-26 18:48:06'),(238,4,'Pinzgauer 710','D7447Z','2023-10-31 02:04:44','2023-10-31 02:04:44'),(239,7,'Innocenti Elba','F2793I','2023-10-26 20:38:01','2023-10-26 20:38:01'),(240,6,'Think Global City','X8536H','2023-11-16 09:31:38','2023-11-16 09:31:38'),(241,7,'Marshell DN','P8279SKQ','2023-10-28 23:14:46','2023-10-28 23:14:46'),(242,4,'Humvee Marshal','Y4322PRC','2023-11-03 07:58:35','2023-11-03 07:58:35'),(243,2,'Acura ILX','S9000XI','2023-10-29 02:22:05','2023-10-29 02:22:05'),(244,6,'Saab 99','A4014CN','2023-11-15 11:11:05','2023-11-15 11:11:05'),(245,7,'Wuling Cortez','B2946V','2023-11-17 11:39:34','2023-11-17 11:39:34'),(246,5,'Beijing BJ 2020','X4549GO','2023-11-17 14:43:32','2023-11-17 14:43:32'),(247,4,'Humber Sceptre','J1489GUQ','2023-10-31 09:06:20','2023-10-31 09:06:20'),(248,2,'Chevrolet Express пасс.','O1916JU','2023-10-21 16:49:35','2023-10-21 16:49:35'),(249,1,'Soyat Yuejin','K4651EEH','2023-11-14 03:27:56','2023-11-14 03:27:56'),(250,7,'Maybach S600','K7772U','2023-11-07 02:00:24','2023-11-07 02:00:24'),(251,2,'Kirkham 427 KMS','J8660G','2023-11-08 05:40:07','2023-11-08 05:40:07'),(252,7,'Humber Sceptre','T8328TTJ','2023-10-23 13:01:09','2023-10-23 13:01:09'),(253,5,'LDV Pilot','V7995O','2023-10-22 10:43:23','2023-10-22 10:43:23'),(254,4,'Subaru Leone','M1587JT','2023-10-22 08:06:11','2023-10-22 08:06:11'),(255,4,'Sceo Shuanghuan','I1913DH','2023-11-15 04:26:36','2023-11-15 04:26:36'),(256,1,'Haima 3','R7159RO','2023-10-28 16:48:30','2023-10-28 16:48:30'),(257,1,'Maserati Ghibli','O7542S','2023-11-02 00:49:43','2023-11-02 00:49:43'),(258,4,'Artega GT','X2429AV','2023-10-22 03:28:40','2023-10-22 03:28:40'),(259,4,'Adler Trumpf','T3546YIZ','2023-11-18 11:13:14','2023-11-18 11:13:14'),(260,3,'Alfa Romeo Crosswagon','G8325OI','2023-11-01 23:49:01','2023-11-01 23:49:01'),(261,5,'Huabei Poni','O3557ZBW','2023-11-12 00:51:25','2023-11-12 00:51:25'),(262,2,'Mercury Black Max','S4161M','2023-10-29 03:50:46','2023-10-29 03:50:46'),(263,5,'Alfa Romeo 155','G1663IVT','2023-11-16 16:32:02','2023-11-16 16:32:02'),(264,4,'TATA Indigo','K1696S','2023-11-08 03:23:22','2023-11-08 03:23:22'),(265,5,'Yugo Sana','V2727ZJE','2023-11-02 17:19:12','2023-11-02 17:19:12'),(266,7,'Cadillac XT5','I9398AMI','2023-11-20 01:26:37','2023-11-20 01:26:37'),(267,6,'Asia Towner','H6552H','2023-11-13 10:28:53','2023-11-13 10:28:53'),(268,5,'Wuling LZW','H4151PUC','2023-10-26 03:17:20','2023-10-26 03:17:20'),(269,6,'Studebaker Diktator','P4756MS','2023-10-28 10:00:19','2023-10-28 10:00:19'),(270,4,'Dadi Groz','U5482WW','2023-10-24 13:27:51','2023-10-24 13:27:51'),(271,1,'BMW 524','V7525C','2023-10-30 11:32:50','2023-10-30 11:32:50'),(272,2,'Aixam 400','Z6594SI','2023-11-20 13:32:17','2023-11-20 13:32:17'),(273,6,'Suzuki SX4','J4056E','2023-10-22 15:20:58','2023-10-22 15:20:58'),(274,7,'Gonow Troy Suv','L8575CMQ','2023-11-14 20:13:28','2023-11-14 20:13:28'),(275,2,'Volkswagen Tiguan','P6488I','2023-11-05 08:51:44','2023-11-05 08:51:44'),(276,1,'SouEast Lioncel','U3714NSU','2023-10-28 18:11:55','2023-10-28 18:11:55'),(277,1,'Dacia Solenza','K5167KCB','2023-11-09 16:38:14','2023-11-09 16:38:14'),(278,7,'Mazda RX-8','W3362PP','2023-11-01 02:53:00','2023-11-01 02:53:00'),(279,6,'Samand Soren','S9093X','2023-11-03 04:02:15','2023-11-03 04:02:15'),(280,5,'Gac Gonow','Z1545V','2023-11-14 05:18:20','2023-11-14 05:18:20'),(281,6,'Adler Stromform','V4042EYK','2023-10-24 04:55:36','2023-10-24 04:55:36'),(282,6,'BMW 645','K1947P','2023-10-25 15:34:55','2023-10-25 15:34:55'),(283,4,'Aixam 400','B8622KVA','2023-10-23 02:48:10','2023-10-23 02:48:10'),(284,5,'Maruti Gypsy','I1900A','2023-10-31 06:18:17','2023-10-31 06:18:17'),(285,3,'Daihatsu Altis','R7988J','2023-11-02 23:45:19','2023-11-02 23:45:19'),(286,1,'Honda Logo','D4186PR','2023-11-16 22:13:36','2023-11-16 22:13:36'),(287,4,'Infiniti M','V9252A','2023-10-21 11:57:45','2023-10-21 11:57:45'),(288,6,'DS 4','J9175HUR','2023-10-31 23:58:49','2023-10-31 23:58:49'),(289,4,'Buick LE Sabre','N5582TOQ','2023-11-16 20:31:59','2023-11-16 20:31:59'),(290,2,'Bentley Flying Spur V8','M3019M','2023-10-30 21:20:48','2023-10-30 21:20:48'),(291,1,'Altamarea 2E','L4213XUY','2023-10-21 17:15:05','2023-10-21 17:15:05'),(292,1,'Daihatsu MAX','E2693YX','2023-11-01 01:56:31','2023-11-01 01:56:31'),(293,7,'Ford F-350','N6945QY','2023-11-17 11:08:53','2023-11-17 11:08:53'),(294,3,'Daf 200','S3556K','2023-11-11 02:11:40','2023-11-11 02:11:40'),(295,4,'Xiaolong XLW','O4984OL','2023-10-24 19:56:15','2023-10-24 19:56:15'),(296,1,'Jaguar Mark','V9837MQZ','2023-10-22 03:44:32','2023-10-22 03:44:32'),(297,1,'Lincoln Navigator','Z5879C','2023-10-31 14:29:16','2023-10-31 14:29:16'),(298,4,'MINI Paceman','S5436LO','2023-10-26 11:08:20','2023-10-26 11:08:20'),(299,6,'Saipa Tiba','Y4246AVH','2023-10-26 01:11:43','2023-10-26 01:11:43'),(300,7,'Autobianchi A 112','C5747TO','2023-10-31 08:59:42','2023-10-31 08:59:42'),(301,3,'Beijing BW4Y','E9413N','2023-10-20 01:29:18','2023-10-20 01:29:18'),(302,6,'Jaguar Vanden','J1021HG','2023-10-20 22:55:26','2023-10-20 22:55:26'),(303,3,'Barkas (Баркас) VEB','G5590UMS','2023-10-20 21:24:57','2023-10-20 21:24:57'),(304,1,'Koenigsegg Agera','Y5364YJ','2023-10-20 21:47:53','2023-10-20 21:47:53'),(305,3,'Talbot Simca','E9174GRF','2023-10-20 15:38:32','2023-10-20 15:38:32'),(306,7,'Vauxhall Viceroy','I1411T','2023-10-20 10:34:18','2023-10-20 10:34:18'),(307,5,'Austin Maxi 2','M3000CX','2023-10-20 09:41:43','2023-10-20 09:41:43'),(308,5,'JMC BD','O9551MWZ','2023-10-20 00:44:23','2023-10-20 00:44:23'),(309,4,'Ultima GTR','R3515YGQ','2023-10-20 16:45:40','2023-10-20 16:45:40'),(310,3,'Ferrari 458','D3609O','2023-10-20 23:26:46','2023-10-20 23:26:46'),(311,6,'Marshell DN','V4661F','2023-10-20 18:47:03','2023-10-20 18:47:03'),(312,5,'Skoda 1000 MB','W7142A','2023-10-20 14:07:39','2023-10-20 14:07:39'),(313,2,'Pininfarina Cambiano','I8101YFX','2023-10-20 04:15:49','2023-10-20 04:15:49'),(314,6,'Geo Metro','N1730DJ','2023-10-20 10:11:40','2023-10-20 10:11:40'),(315,4,'Volvo 780','R1297KTK','2023-10-20 21:23:08','2023-10-20 21:23:08'),(316,1,'Artega GT','H3973DRO','2023-10-20 12:57:16','2023-10-20 12:57:16'),(317,1,'Bertone Freeclimber','P2578HT','2023-10-20 08:48:40','2023-10-20 08:48:40'),(318,3,'Smart Fortwo ED','D2974R','2023-10-20 09:50:23','2023-10-20 09:50:23'),(319,4,'Lancia Musa','Y5433PT','2023-10-20 09:06:34','2023-10-20 09:06:34'),(320,6,'Sidetracker 418','Q4575AS','2023-10-20 08:48:12','2023-10-20 08:48:12'),(321,7,'Citroen C3','S5901GEJ','2023-10-20 16:51:39','2023-10-20 16:51:39'),(322,2,'Alfa Romeo GTV','I8441IDO','2023-10-20 06:18:46','2023-10-20 06:18:46'),(323,5,'Dacia Sandero StepWay','V2316ELK','2023-10-20 23:54:25','2023-10-20 23:54:25'),(324,3,'Proton Juara','R5431Z','2023-10-20 07:14:44','2023-10-20 07:14:44'),(325,4,'Marshell DG-C2','B6535HZT','2023-10-20 20:38:38','2023-10-20 20:38:38'),(326,3,'Kirkham 427 KMS','N3331ZGM','2023-10-20 16:22:30','2023-10-20 16:22:30'),(327,6,'Audi DKW','R3064BX','2023-10-20 10:29:14','2023-10-20 10:29:14'),(328,4,'FSO 1300','G4542SJH','2023-10-20 07:18:03','2023-10-20 07:18:03'),(329,3,'Oltcit Club','U7931H','2023-10-20 22:08:03','2023-10-20 22:08:03'),(330,4,'Chrysler Royal','H3060TDY','2023-10-20 18:29:22','2023-10-20 18:29:22'),(331,2,'Barkas (Баркас) B1000','F3419X','2023-10-20 18:57:56','2023-10-20 18:57:56'),(332,4,'Iveco Daily пасс.','A3091WUH','2023-10-20 13:48:58','2023-10-20 13:48:58'),(333,5,'BMW 340','R8835NYZ','2023-10-20 17:01:04','2023-10-20 17:01:04'),(334,6,'Lotus Eclat','E5529N','2023-10-20 02:58:16','2023-10-20 02:58:16'),(335,7,'Fiat 127','X4660AFP','2023-10-20 20:00:53','2023-10-20 20:00:53'),(336,6,'Thunder Tiger Gonow','Y2680MGM','2023-10-20 00:13:45','2023-10-20 00:13:45'),(337,6,'LTI TX','Q9712SW','2023-10-20 13:04:33','2023-10-20 13:04:33'),(338,4,'Dagger GT','S4696VI','2023-10-20 12:55:15','2023-10-20 12:55:15'),(339,2,'Altamarea 2E','S2151P','2023-10-20 11:03:23','2023-10-20 11:03:23'),(340,7,'JMC YunBa','I4163V','2023-10-20 14:27:59','2023-10-20 14:27:59'),(341,6,'ItalCar Attiva','Z7935GHD','2023-10-20 23:32:33','2023-10-20 23:32:33'),(342,4,'Hyundai i30','M4610D','2023-10-20 06:56:59','2023-10-20 06:56:59'),(343,6,'Huabei HC','Y3811NH','2023-10-20 14:48:21','2023-10-20 14:48:21'),(344,3,'Chrysler Voyager','K1582C','2023-10-20 03:37:51','2023-10-20 03:37:51'),(345,7,'GMC 100','M4352J','2023-10-20 02:59:57','2023-10-20 02:59:57'),(346,4,'GMC Safari','X7582L','2023-10-20 20:25:17','2023-10-20 20:25:17'),(347,7,'Renault Megane','V3450E','2023-10-20 10:37:29','2023-10-20 10:37:29'),(348,5,'Sceo C3','S1762P','2023-10-20 03:38:44','2023-10-20 03:38:44'),(349,5,'Plymouth Coltvista','O7503RQ','2023-10-20 02:40:04','2023-10-20 02:40:04'),(350,6,'Bertone Freeclimber','X4225WU','2023-10-20 21:00:32','2023-10-20 21:00:32'),(351,5,'Rezvani Beast','E7771LZ','2023-10-20 14:50:47','2023-10-20 14:50:47'),(352,2,'Buick Riviera','T7661EPH','2023-10-20 23:00:27','2023-10-20 23:00:27'),(353,7,'Suzuki Jimny','P5698W','2023-10-20 13:04:31','2023-10-20 13:04:31'),(354,5,'Sidetracker 418','B8017KOO','2023-10-20 17:19:12','2023-10-20 17:19:12'),(355,3,'Maruti Suzuki','V7658TID','2023-10-20 07:03:35','2023-10-20 07:03:35'),(356,3,'Mahindra XUV500','Q9499S','2023-10-20 17:49:32','2023-10-20 17:49:32'),(357,4,'Peugeot 104','F8655DD','2023-10-20 07:37:03','2023-10-20 07:37:03'),(358,2,'Subaru Legacy','R5721T','2023-10-20 01:32:31','2023-10-20 01:32:31'),(359,4,'Barkas (Баркас) B1000','C8260RUU','2023-10-20 23:10:25','2023-10-20 23:10:25'),(360,5,'Thunder Tiger Gonow','L2348B','2023-10-20 01:38:44','2023-10-20 01:38:44'),(361,5,'LTI TX','E7914UB','2023-10-20 19:56:02','2023-10-20 19:56:02'),(362,4,'Jinbei Minibusus SY6482Q2','D5879T','2023-10-20 17:51:06','2023-10-20 17:51:06'),(363,2,'Wanfeng SHK','E6979W','2023-10-20 16:52:10','2023-10-20 16:52:10'),(364,2,'Dagger GT','H8705XVD','2023-10-20 09:29:18','2023-10-20 09:29:18'),(365,2,'Adler Stromform','K8654WBJ','2023-10-20 23:10:29','2023-10-20 23:10:29'),(366,7,'Mitsubishi Virage','U2616QF','2023-10-20 04:38:13','2023-10-20 04:38:13'),(367,1,'Iveco Daily 4x4','R9157LYQ','2023-10-20 06:37:37','2023-10-20 06:37:37'),(368,5,'Saab 96','O1289CJX','2023-10-20 02:42:25','2023-10-20 02:42:25'),(369,2,'Vepr Commander','G8347LDU','2023-10-20 23:17:31','2023-10-20 23:17:31'),(370,2,'Altamarea 2E','G4380H','2023-10-20 07:29:00','2023-10-20 07:29:00'),(371,7,'Dr. Motor DR5','N6988Z','2023-10-20 10:15:32','2023-10-20 10:15:32'),(372,2,'Morris Minor','U1419EZ','2023-10-20 15:41:34','2023-10-20 15:41:34'),(373,5,'Mahindra Alturas G4','R5256FB','2023-10-20 12:24:00','2023-10-20 12:24:00'),(374,6,'Geo Tracker','F7618YZ','2023-10-20 11:30:01','2023-10-20 11:30:01'),(375,1,'Rover Montego','X5239SGW','2023-10-20 01:59:04','2023-10-20 01:59:04'),(376,3,'Sidetracker 418','K4376PZB','2023-10-20 17:16:44','2023-10-20 17:16:44'),(377,1,'Eagle Summit','W6709XJ','2023-10-20 05:19:43','2023-10-20 05:19:43'),(378,7,'Nissan 160J Violet','M4253BS','2023-10-20 02:43:42','2023-10-20 02:43:42'),(379,6,'Iveco Daily пасс.','L8334O','2023-10-20 05:54:35','2023-10-20 05:54:35'),(380,4,'Bugatti EB 110','N7720V','2023-10-20 01:03:23','2023-10-20 01:03:23'),(381,1,'King Long Kingte','V2631AN','2023-10-20 00:48:21','2023-10-20 00:48:21'),(382,2,'McLaren 675LT','Q9025K','2023-10-20 08:08:51','2023-10-20 08:08:51'),(383,7,'Maserati Khamsin','T2860SV','2023-10-20 03:58:51','2023-10-20 03:58:51'),(384,3,'Chevrolet Classic','L3066ORO','2023-10-20 13:32:35','2023-10-20 13:32:35'),(385,4,'GMC Sierra','D9099XI','2023-10-20 09:28:55','2023-10-20 09:28:55'),(386,1,'Fisker Karma','G1887MM','2023-10-20 18:45:06','2023-10-20 18:45:06'),(387,4,'Rover 2600','T7345Z','2023-10-20 23:48:22','2023-10-20 23:48:22'),(388,7,'Barkas (Баркас) VEB','W7661SU','2023-10-20 21:12:35','2023-10-20 21:12:35'),(389,1,'Artega GT','Z9036D','2023-10-20 11:35:07','2023-10-20 11:35:07'),(390,2,'Innocenti Elba','T1707QJV','2023-10-20 03:36:07','2023-10-20 03:36:07'),(391,1,'Geely CK-2','L2995YHL','2023-10-20 20:33:14','2023-10-20 20:33:14'),(392,5,'Asia Rocsta','I2798CAZ','2023-10-20 03:18:07','2023-10-20 03:18:07'),(393,3,'Saab 9-3','N5042SG','2023-10-20 15:07:34','2023-10-20 15:07:34'),(394,4,'Kirkham 427 KMS','H2999GN','2023-10-20 12:30:12','2023-10-20 12:30:12'),(395,5,'Yugo 311','Q3010DDV','2023-10-20 03:07:57','2023-10-20 03:07:57'),(396,3,'Beijing BJ 2021','F6721Y','2023-10-20 22:44:29','2023-10-20 22:44:29'),(397,3,'Toyota Matrix','S7586N','2023-10-20 00:16:03','2023-10-20 00:16:03'),(398,5,'Packard Hawk','V2128JVI','2023-10-20 00:33:41','2023-10-20 00:33:41'),(399,5,'Bertone Freeclimber','C4153N','2023-10-20 08:54:27','2023-10-20 08:54:27'),(400,5,'Haima 3','W9691QWF','2023-10-20 01:34:55','2023-10-20 01:34:55'),(401,5,'Suzuki Vitara','K6442NW','2023-10-20 23:46:04','2023-10-20 23:46:04'),(402,6,'Lincoln Mercury','Z4237YPD','2023-10-21 16:21:08','2023-10-21 16:21:08'),(403,6,'Porsche 997','D5900AE','2023-10-20 03:26:31','2023-10-20 03:26:31'),(404,3,'KingWoo KYGDG08A','U1860VOQ','2023-10-21 01:55:35','2023-10-21 01:55:35'),(405,7,'Aixam Scouty','R4151LNJ','2023-10-21 09:48:54','2023-10-21 09:48:54'),(406,7,'Porsche 550','P1841TU','2023-10-20 20:28:09','2023-10-20 20:28:09'),(407,3,'Alfa Romeo 166','A6499LW','2023-10-20 21:51:44','2023-10-20 21:51:44'),(408,7,'Oldsmobile Urbee','H1453J','2023-10-21 17:39:43','2023-10-21 17:39:43'),(409,7,'Austin-Healey 3000','B2695H','2023-10-20 05:25:27','2023-10-20 05:25:27'),(410,1,'Yugo 513','A8564PGP','2023-10-21 19:00:05','2023-10-21 19:00:05'),(411,7,'Gonow GX6','V3785DG','2023-10-21 09:50:10','2023-10-21 09:50:10'),(412,6,'Ferrari Fiorano','V9026NFW','2023-10-20 06:22:34','2023-10-20 06:22:34'),(413,5,'Aixam 400','J1722JEV','2023-10-21 13:53:20','2023-10-21 13:53:20'),(414,3,'Soyat Unique Van','B3786UPA','2023-10-20 06:55:59','2023-10-20 06:55:59'),(415,4,'TVR 420','Y3943S','2023-10-20 20:51:51','2023-10-20 20:51:51'),(416,3,'Pininfarina Cambiano','W8599KN','2023-10-21 00:46:28','2023-10-21 00:46:28'),(417,2,'Miles ZX40','J8136V','2023-10-20 12:26:32','2023-10-20 12:26:32'),(418,4,'Bio Auto evA-4','P3990MAG','2023-10-20 08:37:06','2023-10-20 08:37:06'),(419,1,'Zastava 1100','F6667XV','2023-10-20 07:27:06','2023-10-20 07:27:06'),(420,2,'GMC Sierra','B2140RM','2023-10-21 17:23:00','2023-10-21 17:23:00'),(421,4,'Infiniti FX 45','M6123L','2023-10-20 15:44:53','2023-10-20 15:44:53'),(422,5,'Maserati Khamsin','S6353T','2023-10-21 20:11:23','2023-10-21 20:11:23'),(423,1,'Detroit Electric SP:01','K3490RB','2023-10-20 21:47:37','2023-10-20 21:47:37'),(424,3,'Mercedes-Benz R 350','E7679V','2023-10-21 03:47:24','2023-10-21 03:47:24'),(425,2,'Iran Khodro Soren','F4551N','2023-10-21 03:27:04','2023-10-21 03:27:04'),(426,7,'Ravon R2','D8350ORD','2023-10-21 10:55:37','2023-10-21 10:55:37'),(427,6,'Daihatsu Atrai/extol','C2003D','2023-10-20 16:09:36','2023-10-20 16:09:36'),(428,3,'Lancia Kappa','D1884HS','2023-10-21 06:23:29','2023-10-21 06:23:29'),(429,2,'Maserati Kyalami','O9326VR','2023-10-20 23:38:14','2023-10-20 23:38:14'),(430,2,'FAW HQ3','K1114AA','2023-10-20 15:19:35','2023-10-20 15:19:35'),(431,7,'Tarpan Honker PW','P6345V','2023-10-20 23:31:05','2023-10-20 23:31:05'),(432,4,'Dr. Motor DR5','W2976YS','2023-10-20 07:23:45','2023-10-20 07:23:45'),(433,2,'Suzuki Kizashi','Z6293V','2023-10-20 19:24:22','2023-10-20 19:24:22'),(434,3,'Wanfeng SHK','E7221TY','2023-10-21 02:44:02','2023-10-21 02:44:02'),(435,4,'Daewoo Polonez','J2928VRH','2023-10-21 17:59:52','2023-10-21 17:59:52'),(436,5,'Lexus LF','C1729OSH','2023-10-21 12:04:09','2023-10-21 12:04:09'),(437,5,'Daihatsu Cuore','S4598KZL','2023-10-21 09:49:52','2023-10-21 09:49:52'),(438,1,'Detroit Electric SP:01','T8838CQ','2023-10-21 14:43:57','2023-10-21 14:43:57'),(439,6,'Hummer H3X','P4367HU','2023-10-21 04:38:10','2023-10-21 04:38:10'),(440,2,'Suzuki Cultus','L6977FV','2023-10-21 07:31:32','2023-10-21 07:31:32'),(441,4,'MINI Roadster','V2707SDA','2023-10-21 03:08:07','2023-10-21 03:08:07'),(442,5,'Bugatti Chiron','E6631S','2023-10-21 01:31:57','2023-10-21 01:31:57'),(443,3,'Great Wall Haval H5','I2399IJ','2023-10-20 11:14:01','2023-10-20 11:14:01'),(444,5,'Bugatti Veyron','C8393UUC','2023-10-21 01:32:11','2023-10-21 01:32:11'),(445,3,'Bristol Speedster','Z5051FE','2023-10-21 11:36:52','2023-10-21 11:36:52'),(446,1,'Mitsubishi Outlander','W1305E','2023-10-20 03:31:50','2023-10-20 03:31:50'),(447,7,'Luxgen 7','P6279SYE','2023-10-20 07:07:08','2023-10-20 07:07:08'),(448,7,'Huabei HG','E1625IZ','2023-10-20 10:39:15','2023-10-20 10:39:15'),(449,6,'Mazda Lantis','M5971MMQ','2023-10-21 19:52:00','2023-10-21 19:52:00'),(450,6,'MPM Motors PS 160','X2887KPK','2023-10-20 22:17:40','2023-10-20 22:17:40'),(451,4,'Detroit Electric SP:01','H8785YOT','2023-10-21 18:52:15','2023-10-21 18:52:15'),(452,1,'Sceo Shuanghuan','B4934A','2023-10-21 20:28:02','2023-10-21 20:28:02'),(453,6,'Chevrolet Ventura','E1928D','2023-10-21 06:14:39','2023-10-21 06:14:39'),(454,6,'Bio Auto evA-4','T2621Y','2023-10-20 16:11:36','2023-10-20 16:11:36'),(455,2,'BMW RR','A8591Y','2023-10-21 20:58:18','2023-10-21 20:58:18'),(456,2,'Asia Rocsta','M8339ZWH','2023-10-20 01:44:19','2023-10-20 01:44:19'),(457,7,'Blonell TF 2000 MK1','Y4855TNW','2023-10-20 05:23:37','2023-10-20 05:23:37'),(458,2,'Shelby Cobra Mk III','L5674XWF','2023-10-20 22:42:22','2023-10-20 22:42:22'),(459,2,'Zotye Nomad','N6498NK','2023-10-20 18:53:57','2023-10-20 18:53:57'),(460,7,'Peg-Perego Gaucho','X4466L','2023-10-20 06:37:23','2023-10-20 06:37:23'),(461,1,'Audi A3 Sportback E-tron','M4827CC','2023-10-21 12:11:32','2023-10-21 12:11:32'),(462,5,'Aixam City','P8718BTW','2023-10-20 09:40:51','2023-10-20 09:40:51'),(463,3,'Triumph Toledo','F1888G','2023-10-21 09:35:47','2023-10-21 09:35:47'),(464,2,'Gonow Victor Suv','R2003O','2023-10-20 18:50:55','2023-10-20 18:50:55'),(465,5,'Saleen S331','A9587D','2023-10-21 13:01:34','2023-10-21 13:01:34'),(466,4,'Dr. Motor DR5','F8734YKE','2023-10-21 19:20:31','2023-10-21 19:20:31'),(467,5,'Soyat Yuejin','V7883XOA','2023-10-21 07:12:16','2023-10-21 07:12:16'),(468,6,'Lancia Phedra','H3845WS','2023-10-21 14:49:44','2023-10-21 14:49:44'),(469,2,'Rover 2400','B5674QI','2023-10-20 14:39:39','2023-10-20 14:39:39'),(470,3,'Plymouth Gran Fury','O9662UYS','2023-10-20 20:01:30','2023-10-20 20:01:30'),(471,5,'Aero 30','A8147FJT','2023-10-20 04:26:37','2023-10-20 04:26:37'),(472,7,'Zimmer Golden Spirit','I6443OE','2023-10-21 05:05:52','2023-10-21 05:05:52'),(473,5,'Kirkham 427 KMS','K4003OJK','2023-10-21 11:24:41','2023-10-21 11:24:41'),(474,1,'Rolls-Royce Silver Spur','U2290NS','2023-10-21 18:20:16','2023-10-21 18:20:16'),(475,4,'Hummer H2','V8103LI','2023-10-21 09:10:44','2023-10-21 09:10:44'),(476,7,'Zastava Yugo','N5916Y','2023-10-21 00:05:36','2023-10-21 00:05:36'),(477,3,'Gac Gonow','P1394BV','2023-10-21 17:58:13','2023-10-21 17:58:13'),(478,7,'Zastava 1100','V8910YVT','2023-10-21 20:25:07','2023-10-21 20:25:07'),(479,6,'Packard One Twenty','I1881L','2023-10-20 05:27:39','2023-10-20 05:27:39'),(480,7,'Citroen XM','N2411K','2023-10-20 22:25:12','2023-10-20 22:25:12'),(481,3,'Ravon Matiz','T7175IZJ','2023-10-20 21:48:00','2023-10-20 21:48:00'),(482,2,'Vepr Commander','S2432CMX','2023-10-20 16:45:41','2023-10-20 16:45:41'),(483,2,'Geely HS','O8072NQ','2023-10-21 08:14:57','2023-10-21 08:14:57'),(484,3,'Oldsmobile Achieva','H4013S','2023-10-21 11:37:28','2023-10-21 11:37:28'),(485,5,'Fiat-Abarth 750','O8547GZ','2023-10-20 12:30:41','2023-10-20 12:30:41'),(486,7,'DS 4','N8593BJ','2023-10-21 23:36:25','2023-10-21 23:36:25'),(487,7,'Maybach DS8 Zeppelin','C8669GZP','2023-10-20 06:57:11','2023-10-20 06:57:11'),(488,4,'Renault Scenic Conquest','H5785JU','2023-10-21 15:16:15','2023-10-21 15:16:15'),(489,3,'Rezvani Beast','L3686DPU','2023-10-21 14:53:26','2023-10-21 14:53:26'),(490,7,'Rover 25','A9200X','2023-10-21 07:28:58','2023-10-21 07:28:58'),(491,5,'Aero 30','A3766TX','2023-10-20 18:08:03','2023-10-20 18:08:03'),(492,2,'Citroen Jumper груз.','X2047PUV','2023-10-21 16:12:43','2023-10-21 16:12:43'),(493,2,'Aro 104','M1772Z','2023-10-21 19:32:31','2023-10-21 19:32:31'),(494,3,'Daf 200','Y9654ZQV','2023-10-20 10:32:48','2023-10-20 10:32:48'),(495,7,'TATA Nano','U5880I','2023-10-21 18:56:41','2023-10-21 18:56:41'),(496,5,'Xiaolong XLW','M6201NWX','2023-10-20 22:55:19','2023-10-20 22:55:19'),(497,7,'Bentley Flying Spur','E4068SB','2023-10-20 00:12:15','2023-10-20 00:12:15'),(498,1,'Ferrari 412','F2756I','2023-10-20 17:45:32','2023-10-20 17:45:32'),(499,1,'Mitsubishi Lancer Evolution','P6513BT','2023-10-20 12:22:04','2023-10-20 12:22:04'),(500,5,'De Lorean DMC','Z7319Z','2023-10-20 21:00:15','2023-10-20 21:00:15');
/*!40000 ALTER TABLE `vehicles` ENABLE KEYS */;
UNLOCK TABLES;

--
-- Temporary view structure for view `view_vehicles`
--

DROP TABLE IF EXISTS `view_vehicles`;
/*!50001 DROP VIEW IF EXISTS `view_vehicles`*/;
SET @saved_cs_client     = @@character_set_client;
/*!50503 SET character_set_client = utf8mb4 */;
/*!50001 CREATE VIEW `view_vehicles` AS SELECT 
 1 AS `id`,
 1 AS `name`,
 1 AS `reg_no`,
 1 AS `type_name`,
 1 AS `created_at`,
 1 AS `updated_at`*/;
SET character_set_client = @saved_cs_client;

--
-- Dumping routines for database 'tgidn_test'
--

--
-- Final view structure for view `view_vehicles`
--

/*!50001 DROP VIEW IF EXISTS `view_vehicles`*/;
/*!50001 SET @saved_cs_client          = @@character_set_client */;
/*!50001 SET @saved_cs_results         = @@character_set_results */;
/*!50001 SET @saved_col_connection     = @@collation_connection */;
/*!50001 SET character_set_client      = utf8mb4 */;
/*!50001 SET character_set_results     = utf8mb4 */;
/*!50001 SET collation_connection      = utf8mb4_0900_ai_ci */;
/*!50001 CREATE ALGORITHM=UNDEFINED */
/*!50013  SQL SECURITY DEFINER */
/*!50001 VIEW `view_vehicles` AS select `vehicles`.`id` AS `id`,`vehicles`.`name` AS `name`,`vehicles`.`reg_no` AS `reg_no`,`types`.`name` AS `type_name`,`vehicles`.`created_at` AS `created_at`,`vehicles`.`updated_at` AS `updated_at` from (`vehicles` join `types` on((`vehicles`.`type_id` = `types`.`id`))) */;
/*!50001 SET character_set_client      = @saved_cs_client */;
/*!50001 SET character_set_results     = @saved_cs_results */;
/*!50001 SET collation_connection      = @saved_col_connection */;

/*!40101 SET SQL_MODE=@OLD_SQL_MODE */;
/*!40014 SET FOREIGN_KEY_CHECKS=@OLD_FOREIGN_KEY_CHECKS */;
/*!40014 SET UNIQUE_CHECKS=@OLD_UNIQUE_CHECKS */;
/*!40101 SET CHARACTER_SET_CLIENT=@OLD_CHARACTER_SET_CLIENT */;
/*!40101 SET CHARACTER_SET_RESULTS=@OLD_CHARACTER_SET_RESULTS */;
/*!40101 SET COLLATION_CONNECTION=@OLD_COLLATION_CONNECTION */;
/*!40111 SET SQL_NOTES=@OLD_SQL_NOTES */;

-- Dump completed on 2023-10-20 17:25:55
